ProductCode,Name,Brand,Barcode/ISBN,,,
LLWKBK1,Stage 1 Workbook,Little Learners Love Literacy,978-1-923158-15-3,,,
LLWKBK1-2,Stage 1 Workbook (NSW),Little Learners Love Literacy,,,,
LLWKBK1-3,Stage 1 Workbook (QLD),Little Learners Love Literacy,,,,
LLWKBK1-4,Stage 1 Workbook (SA),Little Learners Love Literacy,,,,
LLWKBK1-5,Stage 1 Workbook (TAS),Little Learners Love Literacy,,,,
LLWKBK1-6,Stage 1 Workbook (VIC),Little Learners Love Literacy,,,,
LLWKBK2,Stage 2 Workbook,Little Learners Love Literacy,,,,
LLWKBK2-2,Stage 2 Workbook (NSW),Little Learners Love Literacy,,,,
LLWKBK2-3,Stage 2 Workbook (QLD),Little Learners Love Literacy,,,,
LLWKBK2-4,Stage 2 Workbook (SA),Little Learners Love Literacy,,,,
LLWKBK2-5,Stage 2 Workbook (TAS),Little Learners Love Literacy,,,,
LLWKBK2-6,Stage 2 Workbook (VIC),Little Learners Love Literacy,,,,
LLWKBK3,Stage 3 Workbook,Little Learners Love Literacy,,,,
LLWKBK3-2,Stage 3 Workbook (NSW),Little Learners Love Literacy,,,,
LLWKBK3-3,Stage 3 Workbook (QLD),Little Learners Love Literacy,,,,
LLWKBK3-4,Stage 3 Workbook (SA),Little Learners Love Literacy,,,,
LLWKBK3-5,Stage 3 Workbook (TAS),Little Learners Love Literacy,,,,
LLWKBK3-6,Stage 3 Workbook (VIC),Little Learners Love Literacy,,,,
LLWKBK4,Stage 4 Workbook,Little Learners Love Literacy,,,,
LLWKBK4-2,Stage 4 Workbook (NSW),Little Learners Love Literacy,,,,
LLWKBK4-3,Stage 4 Workbook (QLD),Little Learners Love Literacy,,,,
LLWKBK4-4,Stage 4 Workbook (SA),Little Learners Love Literacy,,,,
LLWKBK4-5,Stage 4 Workbook (TAS),Little Learners Love Literacy,,,,
LLWKBK4-6,Stage 4 Workbook (VIC),Little Learners Love Literacy,,,,
LLWKBKP4,Stage 4+ Workbook,Little Learners Love Literacy,978-1-923158-93-1,,,
LLWKBKP4-2,Stage 4+ Workbook (NSW),Little Learners Love Literacy,978-1-923578-58-6,,,
LLWKBKP4-6,Stage 4+ Workbook (VIC),Little Learners Love Literacy,978-1-923578-59-3,,,
LLWKBK5,Stage 5 Workbooks 1 and 2,Little Learners Love Literacy,978-1-923158-94-8,,,
LLWKBK5-2,Stage 5 Workbooks 1 and 2 (NSW),Little Learners Love Literacy,978-1-923578-63-0,,,
LLWKBK5-6,Stage 5 Workbooks 1 and 2 (VIC),Little Learners Love Literacy,978-1-923578-71-5,,,
LLWKBK6,Stage 6 Workbooks 1 and 2,Little Learners Love Literacy,978-1-923578-35-7,,,
LLWKBK6-2,Stage 6 Workbooks 1 and 2 (NSW),Little Learners Love Literacy,978-1-923578-73-9,,,
LLWKBK6-6,Stage 6 Workbooks 1 and 2 (VIC),Little Learners Love Literacy,978-1-923578-81-4,,,
LLWKBK71YF-2,Stage 7 Unit 1 Foundation Workbooks 1 and 2 (NSW),Little Learners Love Literacy,978-1-923616-23-3,,,
LLWKBK71YF-6,Stage 7 Unit 1 Foundation Workbooks 1 and 2 (VIC),Little Learners Love Literacy,978-1-923616-25-7,,,
LLWKBK71F,Stage 7 Unit 1 Foundation Workbooks 1 and 2 LLLL Sassoon Font,Little Learners Love Literacy,978-1-923578-41-8,,,
LLWKBK71Y1,Stage 7 Unit 1 Year 1 Workbooks 1 and 2,Little Learners Love Literacy,978-1-923578-43-2,,,
LLWKBK71Y1-2,Stage 7 Unit 1 Year 1 Workbooks 1 and 2 (NSW),Little Learners Love Literacy,978-1-923616-13-4,,,
LLWKBK71Y1-6,Stage 7 Unit 1 Year 1 Workbooks 1 and 2 (VIC),Little Learners Love Literacy,978-1-923616-15-8,,,
LLWKBK72,Stage 7 Unit 2 Workbooks 1 and 2,Little Learners Love Literacy,978-1-923158-91-7,,,
LLWKBK72-2,Stage 7 Unit 2 Workbooks 1 and 2 (NSW),Little Learners Love Literacy,978-1-923578-48-7,,,
LLWKBK72-6,Stage 7 Unit 2 Workbooks 1 and 2 (VIC),Little Learners Love Literacy,978-1-923578-50-0,,,
LLWKBK73,Stage 7 Unit 3 Workbooks 1 and 2,Little Learners Love Literacy,978-1-923578-45-6,,,
LLWKBK74,Stage 7 Unit 4 Workbooks 1-6,Little Learners Love Literacy,978-1-923578-37-1,,,
LLWKBK74-4,Stage 7 Unit 4 Workbooks 1-6 (SA),Little Learners Love Literacy,978-1-923578-89-0,,,
LLWKBK74-6,Stage 7 Unit 4 Workbooks 1-6 (VIC),Little Learners Love Literacy,978-1-923578-86-9,,,
PMorphPack,Morphology Poster Pack (8 x A2 posters),Little Learners Love Literacy,,,,
MSS,Sound Swap,Little Learners Love Literacy,,,,
TAR75PT1,Teacher Activity Resource Stage 7 Unit 5 Part 1,Little Learners Love Literacy,,,,
TAR75PT2,Teacher Activity Resource Stage 7 Unit 5 Part 2,Little Learners Love Literacy,,,,
LLFK1,(Book 1) Fox Kid and the Rat Bot,Little Learners Love Literacy,978-1-922663-58-0,,,
LLFK10,(Book 10) Fox Kid and the Fright Night,Little Learners Love Literacy,,,,
LLFK2,(Book 2) Fox Kid and the Mud Men,Little Learners Love Literacy,978-1-922663-59-7,,,
LLFK3,(Book 3) Fox Kid and the Endless Frost,Little Learners Love Literacy,978-1-922663-66-5,,,
LLFK4,(Book 4) Fox Kid and the Pond Trolls,Little Learners Love Literacy,978-1-922663-70-2,,,
LLFK5,(Book 5) Fox Kid and the Big Sting,Little Learners Love Literacy,978-1-922663-71-9,,,
LLFK6,(Book 6) Fox Kid and the Skull Twins,Little Learners Love Literacy,978-1-922663-72-6,,,
LLFK7,(Book 7) Fox Kid and the Stink Bug,Little Learners Love Literacy,978-1-923158-40-5,,,
LLFK8,(Book 8) Fox Kid Vs Fox Kid,Little Learners Love Literacy,978-1-923158-41-2,,,
LLFK9,(Book 9) Fox Kid and The Extractor,Little Learners Love Literacy,,,,
AAP,Ally the alligator puppet,Little Learners Love Literacy,,,,
SGRN-LLBW1-4,Big World Nonfiction Small Group Reading Teacher Notes Stages 1-4,Little Learners Love Literacy,978-1-925916-96-6,,,
SGRN-LLBW71-4,Big World Nonfiction Small Group Reading Teacher Notes Stages 7.1-7.4,Little Learners Love Literacy,978-1-923158-01-6,,,
SGRN-LLBWP456,"Big World Nonfiction Small Group Reading Teacher Notes Stages Plus 4, 5, 6",Little Learners Love Literacy,,,,
BGP4,Bingo Games Stage Plus 4,Little Learners Love Literacy,,,,
BG12,Bingo Games Stages 1-2,Little Learners Love Literacy,,,,
BG34,Bingo Games Stages 3-4,Little Learners Love Literacy,,,,
FF-ST7REV1,Fluency Fun 1: Slime Time and Other Fun Things to Read (Stage 7 Review - Year 2),Little Learners Love Literacy,978-1-923158-48-1,,,
FF-ST7REV2,Fluency Fun 2: Power Poodle and Other Fun Things to Read (Stage 7 Review - Year 2),Little Learners Love Literacy,,,,
FF-ST7U51,Fluency Fun 3: Rex's Treasure and Other Fun Things to Read (Stage 7 Unit 5 - Year 2),Little Learners Love Literacy,978-1-923158-50-4,,,
FF-ST7U521,Fluency Fun 4: Perfect Surfing and Other Fun Things to Read (Stage 7 Unit 5 - Year 2),Little Learners Love Literacy,978-1-923158-51-1,,,
FF-ST7U53,"Fluency Fun 5: Looper Land and Other Fun Things to Read (Stage 7 Unit 5, Year 2)",Little Learners Love Literacy,978-1-923158-58-0,,,
FF-ST7U54,"Fluency Fun 6: The Bear's Hair and Other Fun Things to Read (Stage 7 Unit 5, Year 2)",Little Learners Love Literacy,,,,
FF-ST81,Fluency Fun 7: Danny's Assignment and Other Fun Things to Read,Little Learners Love Literacy,TBC,,,
FF-ST82,Fluency Fun 8: Be Sensible and Other Fun Things to Read,Little Learners Love Literacy,TBC,,,
LLFKBOX1,Fox Kid Ka-Blam! Box 1,Little Learners Love Literacy,978-1-922663-98-6,,,
LLFKBOX2,Fox Kid Ka-Blam! Box 2,Little Learners Love Literacy,978-1-922663-99-3,,,
LLFKBOX3,Fox Kid Ka-Blam! Box 3,Little Learners Love Literacy,978-1-925916-95-9,,,
LLFKBOX4,Fox Kid Ka-Blam! Box 4,Little Learners Love Literacy,978-1-923158-38-2,,,
LLFKBOX5,Fox Kid Ka-Blam! Box 5,Little Learners Love Literacy,978-1-923158-38-2,,,
LLFKWB1,Fox Kid Workbook 1,Little Learners Love Literacy,978-1-922663-90-0,,,
LLFKWB2,Fox Kid Workbook 2,Little Learners Love Literacy,978-1-922663-91-7,,,
LLFKWB3,Fox Kid Workbook 3,Little Learners Love Literacy,978-1-922663-92-4,,,
LLFKWB4,Fox Kid Workbook 4,Little Learners Love Literacy,978-1-922663-93-1,,,
LLFKWB5,Fox Kid Workbook 5,Little Learners Love Literacy,978-1-922663-94-8,,,
LLFKWB6,Fox Kid Workbook 6,Little Learners Love Literacy,978-1-922663-95-5,,,
LLFKWB7,Fox Kid Workbook 7,Little Learners Love Literacy,978-1-923158-45-0,,,
LLFKWB8,Fox Kid Workbook 8,Little Learners Love Literacy,978-1-923158-46-7,,,
LLFKWB9,Fox Kid Workbook 9,Little Learners Love Literacy,978-1-923158-54-2,,,
HWP1-7,Heart Word Posters Stages 1-7,Little Learners Love Literacy,,,,
HRJF,Home Reading Journal Foundation,Little Learners Love Literacy,978-1-922663-88-7,,,
HRJ1,Home Reading Journal Year 1,Little Learners Love Literacy,978-1-922663-89-4,,,
LLARS,Little Learners Assessment of Reading Skills,Little Learners Love Literacy,978-1-922663-69-6,,,
LLASS1,Little Learners Assessment of Spelling Skills,Little Learners Love Literacy,,,,
LLBWQ,Little Learners Big World Quiz - Stages 7.1 - 7.2,Little Learners Love Literacy,978-1-923158-42-9,,,
LLBWQ1,Little Learners Big World Quiz - Stages 7.3 and 7.4,Little Learners Love Literacy,978-1-923158-42-9,,,
LLBW1,"Little Learners, Big World Nonfiction Stage 1",Little Learners Love Literacy,978-1-925916-93-5,,,
LLBW2,"Little Learners, Big World Nonfiction Stage 2",Little Learners Love Literacy,978-1-925916-94-2,,,
LLBW3,"Little Learners, Big World Nonfiction Stage 3",Little Learners Love Literacy,978-1-922663-05-4,,,
LLBW4,"Little Learners, Big World Nonfiction Stage 4",Little Learners Love Literacy,978-1-922663-06-1,,,
LLBW4+,"Little Learners, Big World Nonfiction Stage 4+",Little Learners Love Literacy,978-1-922663-07-8,,,
LLBW5,"Little Learners, Big World Nonfiction Stage 5",Little Learners Love Literacy,978-1-922663-08-5,,,
LLBW6,"Little Learners, Big World Nonfiction Stage 6",Little Learners Love Literacy,978-1-922663-09-2,,,
LLBW71,"Little Learners, Big World Nonfiction Stage 7 Unit 1",Little Learners Love Literacy,,,,
LLBW72,"Little Learners, Big World Nonfiction Stage 7 Unit 2",Little Learners Love Literacy,,,,
LLBW73,"Little Learners, Big World Nonfiction Stage 7 Unit 3",Little Learners Love Literacy,,,,
LLBW74,"Little Learners, Big World Nonfiction Stage 7 Unit 4",Little Learners Love Literacy,,,,
LLBW75,"Little Learners, Big World Nonfiction Stage 7 Unit 5",Little Learners Love Literacy,,,,
MAG,Milo's Alphabet Games,Little Learners Love Literacy,,,,
MBS,Milo's Birthday Surprise,Little Learners Love Literacy,,,,
MAF,Milo's Birthday Surprise Alphabet Frieze,Little Learners Love Literacy,,,,
MBSP,Milo's Birthday Surprise Placemat,Little Learners Love Literacy,,,,
MFB,Milo's Flipbook,Little Learners Love Literacy,,,,
MMWP,Milo's Making Words Placemats,Little Learners Love Literacy,,,,
MRMG,Milo's Read and Match Word Game,Little Learners Love Literacy,978-0-9805975-9-2,,,
SCMINI7,Mini Sounds Chart Stage 7 Pack of 10,Little Learners Love Literacy,,,,
SCMINI1-6,Mini Sounds Chart Stages 1-6 Pack of 10,Little Learners Love Literacy,,,,
MACCCLASSROOM,Morphemes and Chants Cards Classroom Set,Little Learners Love Literacy,9.78192E+12,,,
MACCDISPLAY,Morphemes and Chants Cards Display Set,Little Learners Love Literacy,97819315866,,,
MWDB,My Word Detective Book,Little Learners Love Literacy,,,,
CCS7PAT,Pip and Tim Character Cards Stage 7,Little Learners Love Literacy,,,,
CCS1-6PAT,Pip and Tim Character Cards Stages 1-6,Little Learners Love Literacy,,,,
SGRN-LLRS1-4,Pip and Tim Small Group Reading Teacher Notes Stages 1-4,Little Learners Love Literacy,,,,
SGRN-LLRS7,Pip and Tim Small Group Reading Teacher Notes Stages 7.1-7.4 Print only,Little Learners Love Literacy,978-1-922663-87-0,,,
SGRN-LLRSP456,"Pip and Tim Small Group Reading Teacher Notes Stages Plus 4, 5, 6",Little Learners Love Literacy,,,,
LLRS1,Pip and Tim Stage 1,Little Learners Love Literacy,,,,
LLRS2,Pip and Tim Stage 2,Little Learners Love Literacy,,,,
LLRS3,Pip and Tim Stage 3,Little Learners Love Literacy,,,,
LLRS4,Pip and Tim Stage 4,Little Learners Love Literacy,,,,
LLRS4+,Pip and Tim Stage 4+,Little Learners Love Literacy,,,,
LLRS5,Pip and Tim Stage 5,Little Learners Love Literacy,,,,
LLRS6,Pip and Tim Stage 6,Little Learners Love Literacy,,,,
LLRS71,Pip and Tim Stage 7 Unit 1,Little Learners Love Literacy,,,,
LLRS72,Pip and Tim Stage 7 Unit 2,Little Learners Love Literacy,,,,
LLRS73,Pip and Tim Stage 7 Unit 3,Little Learners Love Literacy,,,,
LLRS74,Pip and Tim Stage 7 Unit 4,Little Learners Love Literacy,,,,
LLRS75,Pip and Tim Stage 7 Unit 5,Little Learners Love Literacy,,,,
MRG1G,Read and Grab Word Game Box 1,Little Learners Love Literacy,978-0-9805975-7-8,,,
MRG10,Read and Grab Word Game Box 10,Little Learners Love Literacy,978-0-9946383-1-1,,,
MRG2Y,Read and Grab Word Game Box 2,Little Learners Love Literacy,978-0-9805975-8-5,,,
MRG3P,Read and Grab Word Game Box 3,Little Learners Love Literacy,978-0-9807525-8-8,,,
MRG4P,Read and Grab Word Game Box 4,Little Learners Love Literacy,978-0-9872645-1-0,,,
MRG5O,Read and Grab Word Game Box 5,Little Learners Love Literacy,978-0-9807581-6-0,,,
MRG6A,Read and Grab Word Game Box 6,Little Learners Love Literacy,978-0-9807581-7-7,,,
MRG7R,Read and Grab Word Game Box 7,Little Learners Love Literacy,978-0-9945129-9-4,,,
MRG8E,Read and Grab Word Game Box 8,Little Learners Love Literacy,978-0-9807581-8-4,,,
MRG9C,Read and Grab Word Game Box 9,Little Learners Love Literacy,978-0-9946383-0-4,,,
RRW456,"Read, Write and Draw - Stages Plus 4, 5, 6",Little Learners Love Literacy,,,,
RRW1-4,"Read, Write and Draw Stages 1-4",Little Learners Love Literacy,978-1-922663-54-2,,,
RRW71-2,"Read, Write and Draw Stages 7.1 and 7.2",Little Learners Love Literacy,978-1-922663-53-5,,,
RRW73-4,"Read, Write and Draw Stages 7.3 and 7.4",Little Learners Love Literacy,978-1-922663-53-5,,,
SC1,SoundCheck,Little Learners Love Literacy,,,,
SC2,SoundCheck 2,Little Learners Love Literacy,,,,
PSC1-6,Sounds Chart Stages 1-6 (A0),Little Learners Love Literacy,,,,
PSC1-7,Sounds Chart Stages 1-7 (A0),Little Learners Love Literacy,,,,
SSC1S,Speed Sounds and Chants Cards Stage 1-6 Mini Set,Little Learners Love Literacy,,,,
SSC7M,Speed Sounds and Chants Cards Stage 7 Classroom Set,Little Learners Love Literacy,,,,
SSC7L,Speed Sounds and Chants Cards Stage 7 Display Set,Little Learners Love Literacy,,,,
SSC7S,Speed Sounds and Chants Cards Stage 7 Mini Set,Little Learners Love Literacy,,,,
SSC1M,Speed Sounds and Chants Cards Stages 1-6 Classroom Set,Little Learners Love Literacy,,,,
SSC1L,Speed Sounds and Chants Cards Stages 1-6 Display Set,Little Learners Love Literacy,,,,
SSCP71-4,Stage 7 Speed Sounds Posters (A2),Little Learners Love Literacy,,,,
SSCP1-6,Stages 1-6 Speed Sounds Posters (A2),Little Learners Love Literacy,,,,
TAR+45,"Teacher Activity Resource Stage + 4, 5",Little Learners Love Literacy,,,,
TAR6,Teacher Activity Resource Stage 6,Little Learners Love Literacy,978-1-923158-09-2,,,
TAR7REV,Teacher Activity Resource Stage 7 Review (Year 2),Little Learners Love Literacy,978-1-923158-47-4,,,
TAR701,Teacher Activity Resource Stage 7 Unit 1,Little Learners Love Literacy,978-0-6483495-2-5,,,
TAR702BD,Teacher Activity Resource Stage 7 Unit 2,Little Learners Love Literacy,978-1-925916-19-5,,,
TAR703BD,Teacher Activity Resource Stage 7 Unit 3,Little Learners Love Literacy,978-1-925916-20-1,,,
TAR74PT1,Teacher Activity Resource Stage 7 Unit 4 Part 1,Little Learners Love Literacy,,,,
TAR74PT2,Teacher Activity Resource Stage 7 Unit 4 Part 2,Little Learners Love Literacy,,,,
TAR8,Teacher Activity Resource Stage 8,Little Learners Love Literacy,TBC,,,
TAR102,Teacher Activity Resource Stages 1-2,Little Learners Love Literacy,978-1-922663-52-8,,,
TAR304,Teacher Activity Resource Stages 3-4,Little Learners Love Literacy,978-1-922663-56-6,,,
CCTWK,The Wiz Kids Character Cards Stages 1-4,Little Learners Love Literacy,,,,
TWKQ,The Wiz Kids Quiz,Little Learners Love Literacy,,,,
SGRN-TWK1-4,The Wiz Kids Small Group Reading Teacher Notes Stages 1-4,Little Learners Love Literacy,978-1-922663-96-2,,,
SGRN-TWKP456,"The Wiz Kids Small Group Reading Teacher Notes Stages Plus 4, 5, 6",Little Learners Love Literacy,978-1-922663-97-9,,,
TWK1,The Wiz Kids Stage 1,Little Learners Love Literacy,,,,
TWK2,The Wiz Kids Stage 2,Little Learners Love Literacy,,,,
TWK3,The Wiz Kids Stage 3,Little Learners Love Literacy,,,,
TWK4,The Wiz Kids Stage 4,Little Learners Love Literacy,,,,
TWKP4,The Wiz Kids Stage 4+,Little Learners Love Literacy,978-1-925916-18-8,,,
TWK5,The Wiz Kids Stage 5,Little Learners Love Literacy,978-1-922663-78-8,,,
TWK6,The Wiz Kids Stage 6,Little Learners Love Literacy,978-1-922663-79-5,,,
TQ456,"Tim's Quiz Stages Plus 4, 5 & 6",Little Learners Love Literacy,,,,
LLWDRTM,Wild Detectives 'Read to me',Little Learners Love Literacy,,,,
SGRN-LLWD1-4,Wild Detectives Small Group Reading Teacher Notes Stages 1-4,Little Learners Love Literacy,978-1-922663-85-6,,,
LLWD1,Wild Detectives Stage 1,Little Learners Love Literacy,978-0-9807525-9-5,,,
LLWD2,Wild Detectives Stage 2,Little Learners Love Literacy,978-0-9807525-9-5,,,
LLWD3,Wild Detectives Stage 3,Little Learners Love Literacy,978-0-9807525-9-5,,,
LLWD4,Wild Detectives Stage 4,Little Learners Love Literacy,978-0-9807525-9-5,,,
LLWD4+,Wild Detectives Stage 4+,Little Learners Love Literacy,,,,
LLWD5,Wild Detectives Stage 5,Little Learners Love Literacy,,,,
LLWD6,Wild Detectives Stage 6,Little Learners Love Literacy,,,,